{"val_loss": [10.246591061353683, 8.864582240581512, 7.947382465004921, 7.454795256257057, 7.001306653022766, 6.193873332750679, 4.483866907656193, 4.194421414285898, 3.86499185487628, 2.9456360563635826, 2.5503018721938133, 2.9486624273923363, 2.343650532886386, 2.7020222041755915, 2.4073609802871943, 2.1089947358705103, 1.8060105983167887, 1.8176065397734689, 1.9874356966465712, 1.8957695253193378, 1.4525105318753049, 1.7346048164181411, 1.5062734339496877, 1.5107566453516483, 1.6144204470328987, 1.3637592075392604, 1.6930031310766935, 1.549871151568368, 1.5539613102922345, 1.4979913397692144, 1.4835842242464423, 1.511837782803923, 1.526372313965112, 1.6960994945839047, 1.4994846872764058, 1.6542877475731075, 1.4331006351858377, 1.6508613396435976, 1.4418459828011692, 1.5271794666158092, 1.4853378245607018, 1.615090778679587, 1.62842714227736, 1.426763903349638, 1.5122011499479413, 1.6521863816840814, 1.6433216445147991, 1.640762073919177, 1.2826332640834153, 1.4384573656134307, 1.6117986827157438, 1.5405989887838316, 1.488471280084923, 1.6304481392726302, 1.4826727313920856, 1.5335332246031612, 1.4806270927485854, 1.487013426143676, 1.5956348991021514, 1.4760545687749982], "val_attention_branch_loss": [5.286236964166164, 5.258753441274166, 5.212505131959915, 5.125273860991001, 4.88258708268404, 4.195288289419495, 2.797033667564392, 2.3800107277929783, 2.0134262330830097, 1.556271937675774, 1.3512507257983088, 1.4451950439132086, 1.1921652392484248, 1.385252476669848, 1.2255487218499184, 1.0401160288602114, 0.9023787728510797, 0.938411805889394, 1.0013226834125817, 0.9487628331407905, 0.7306907218880951, 0.8457510588923469, 0.7498111925502815, 0.7524440735578537, 0.7922713083680719, 0.677639075787738, 0.8433975817169994, 0.7607894709799439, 0.7638598216642247, 0.739722570637241, 0.7431366494856775, 0.7384766298346221, 0.749988456023857, 0.8406787076964974, 0.7387054470506045, 0.8191331751877442, 0.7020092036109418, 0.8233731454238296, 0.7125018737278879, 0.7549614671507094, 0.7360009538242593, 0.7873358251526952, 0.8101189737208188, 0.7061366206035018, 0.7528169656870887, 0.8139695078724681, 0.8055679895915091, 0.8082466735504568, 0.6455974793061614, 0.711747647728771, 0.7986318541225046, 0.7514709204435348, 0.7318726697703823, 0.8110811719670892, 0.7394368064124137, 0.7616400178521872, 0.7352424730168711, 0.7346831718459725, 0.7854787954129279, 0.742638168274425], "val_perception_branch_loss": [4.9603540897369385, 3.6058288365602493, 2.7348772902041674, 2.329521404579282, 2.118719559162855, 1.998585031764342, 1.6868332205340266, 1.8144106846302748, 1.851565602235496, 1.3893641191534698, 1.199051140807569, 1.5034673719122857, 1.1514852792024612, 1.316769734956324, 1.1818122593685985, 1.0688786967657506, 0.9036318294238299, 0.8791947369528289, 0.9861130251083523, 0.947006682632491, 0.7218198132468387, 0.8888537688180804, 0.7564622367962752, 0.7583125657401979, 0.8221491402946413, 0.6861201348947361, 0.8496055414434522, 0.7890816772123799, 0.7901014867985603, 0.7582687649410218, 0.7404475753428414, 0.7733611543662846, 0.7763838591054082, 0.8554207687266171, 0.7607792452125266, 0.835154575528577, 0.7310914375120774, 0.8274881953839213, 0.7293441074434668, 0.7722179942681353, 0.7493368778959848, 0.827754947473295, 0.8183081676252186, 0.7206272864714265, 0.759384183504153, 0.8382168787688312, 0.837753655621782, 0.8325154015328735, 0.6370357815176249, 0.7267097111325711, 0.8131668323185295, 0.7891280684550984, 0.7565986111294478, 0.8193669681204483, 0.7432359181111678, 0.7718932039570063, 0.7453846187874822, 0.7523302682675421, 0.8101561014191248, 0.7334164030617103], "val_attention_branch_acc": [0.0234375, 0.0234375, 0.029296875, 0.068359375, 0.0654296875, 0.14554455445544554, 0.3779296875, 0.4287109375, 0.484375, 0.5830078125, 0.6298828125, 0.6158415841584158, 0.681640625, 0.619140625, 0.6611328125, 0.7158203125, 0.7578125, 0.7386138613861386, 0.734375, 0.759765625, 0.8115234375, 0.7880859375, 0.80990099009901, 0.8046875, 0.7919921875, 0.8125, 0.7958984375, 0.7978515625, 0.802970297029703, 0.8056640625, 0.806640625, 0.806640625, 0.8212890625, 0.7900390625, 0.799009900990099, 0.787109375, 0.8173828125, 0.7939453125, 0.81640625, 0.808910891089109, 0.82421875, 0.7939453125, 0.7861328125, 0.80859375, 0.796875, 0.7980198019801981, 0.7939453125, 0.79296875, 0.830078125, 0.818359375, 0.79296875, 0.808910891089109, 0.810546875, 0.787109375, 0.8095703125, 0.8076171875, 0.808910891089109, 0.79296875, 0.8017578125, 0.818359375], "val_perception_branch_acc": [0.0185546875, 0.126953125, 0.3046875, 0.3623046875, 0.4326171875, 0.45643564356435645, 0.537109375, 0.51171875, 0.546875, 0.615234375, 0.6669921875, 0.6188118811881188, 0.7119140625, 0.62890625, 0.6884765625, 0.724609375, 0.763671875, 0.7683168316831683, 0.7509765625, 0.7646484375, 0.806640625, 0.7822265625, 0.808910891089109, 0.8046875, 0.796875, 0.8203125, 0.806640625, 0.7978515625, 0.800990099009901, 0.806640625, 0.810546875, 0.8046875, 0.8212890625, 0.791015625, 0.8, 0.791015625, 0.8154296875, 0.7939453125, 0.82421875, 0.808910891089109, 0.8134765625, 0.791015625, 0.7880859375, 0.8173828125, 0.8115234375, 0.8, 0.7919921875, 0.80078125, 0.8291015625, 0.81640625, 0.7978515625, 0.807920792079208, 0.8193359375, 0.7939453125, 0.8056640625, 0.8115234375, 0.8118811881188119, 0.7958984375, 0.8037109375, 0.8193359375], "loss": [10.497290160364019, 9.545520069681091, 8.227981408914408, 7.3118355645710205, 6.619833082288832, 5.851205764709412, 4.458409670555158, 3.1866839992471006, 2.3887982000937096, 1.8750005471614906, 1.5034595595465765, 1.2218592502611814, 0.9898300489505848, 0.8281772281871385, 0.7058259302033637, 0.5564350618057582, 0.47969450585079226, 0.36689214396962017, 0.2908722714738206, 0.24793292254378568, 0.20569397920284582, 0.15391246053151858, 0.14656172290538844, 0.13210154951493822, 0.12859027731814382, 0.13407531230498204, 0.12896432749700817, 0.13130221413718807, 0.1260027058141646, 0.125055830917002, 0.12118771719483085, 0.12576588326030308, 0.1342875606215394, 0.13310175840262775, 0.1310816124345129, 0.12914791736039552, 0.12787154962271105, 0.12966622604622138, 0.13253972907841186, 0.1281793468796813, 0.13282857985696594, 0.13307960106207206, 0.13161258806198248, 0.12517989135739163, 0.13184807854550737, 0.12004787949947743, 0.1324258305338728, 0.11641457808148992, 0.12552515305218237, 0.13317317272230988, 0.13054548996983267, 0.1248639254548926, 0.12739858885466912, 0.13105690017874574, 0.12853926833387133, 0.12647725699154344, 0.1309509959903446, 0.12486433266380209, 0.1275189352539686, 0.1305483793482448], "attention_branch_loss": [5.2989553924715835, 5.277317991406273, 5.240275974388237, 5.180572132687192, 5.05047611940452, 4.590701527224806, 3.4050439077096657, 2.2513803272673716, 1.5598946701577396, 1.1758178897726563, 0.9138149950637156, 0.7291573266765059, 0.5821574782187596, 0.48395737974811565, 0.4089178176056674, 0.3229138355952006, 0.2744324925166987, 0.21125243351107087, 0.16804298141975582, 0.14278853896223467, 0.12073802395854587, 0.09171985416192391, 0.0877400158016054, 0.07990454971382607, 0.07704457151897756, 0.08017132964518454, 0.07746767519930024, 0.07895498543052941, 0.07535170350804264, 0.0752514287416721, 0.07354852573589997, 0.07533080063444557, 0.08011455316821217, 0.07844976934644433, 0.07767701059241751, 0.0773859202692737, 0.07676041443963666, 0.07757223085498746, 0.07891880590089528, 0.07829104185919783, 0.07827833860933602, 0.07966620001468334, 0.07863963059496792, 0.07575937058971768, 0.07841637466086679, 0.07262998559314249, 0.07905054492158098, 0.07087781716450119, 0.0760765563140999, 0.07920033656978034, 0.07822040368268042, 0.07540110604570911, 0.07654550818749416, 0.07777958998470892, 0.07659451657527679, 0.07599772669904463, 0.07855382948507258, 0.07505772807994285, 0.07745500778034205, 0.07783186233089413],